{
  "Difficulty": {
    "VisibleDistCoef": 2.0,
    "GainSightCoef": 0.63,
    "ScatteringCoef": 0.38,
    "HearingDistanceCoef": 1.3,
    "AggressionCoef": 1.1,
    "PrecisionSpeedCoef": 0.42,
    "AccuracySpeedCoef": 0.42
  },
  "General": {
    "BotsUseGrenades": true,
    "BotWeightEffects": true,
    "VanillaBots": {
      "VanillaScavs": false,
      "VanillaBosses": false,
      "VanillaFollowers": false,
      "VanillaGoons": false,
      "VanillaBloodHounds": false,
      "VanillaRogues": false,
      "VanillaCultists": false
    },
    "Performance": {
      "PerformanceMode": true,
      "MaxBotsToCheckVisionPerFrame": 5.0
    },
    "AILimit": {
      "LimitAIvsAIGlobal": true,
      "AILimitUpdateFrequency": 3.0,
      "AILimitRanges": {
        "Far": 150.0,
        "VeryFar": 250.0,
        "Narnia": 400.0
      },
      "LimitAIvsAIVision": true,
      "MaxVisionRanges": {
        "Far": 200.0,
        "VeryFar": 100.0,
        "Narnia": 50.0
      },
      "LimitAIvsAIHearing": true,
      "MaxHearingRanges": {
        "Far": 100.0,
        "VeryFar": 60.0,
        "Narnia": 25.0
      }
    },
    "Cover": {
      "MaxCoverPathLength": 60.0,
      "ShiftCoverChangeDecisionTime": 6.0,
      "ShiftCoverTimeSinceSeen": 30.0,
      "ShiftCoverTimeSinceEnemyCreated": 30.0,
      "ShiftCoverNoEnemyResetTime": 10.0,
      "ShiftCoverNewCoverTime": 10.0,
      "ShiftCoverResetTime": 10.0,
      "CoverMinHeight": 0.75,
      "CoverMinEnemyDistance": 8.0,
      "DebugCoverFinder": false
    },
    "Doors": {
      "NewDoorOpening": false,
      "NoDoorAnimations": true,
      "InvertDoors": true,
      "DisableAllDoors": false
    },
    "Extract": {
      "SAIN_EXTRACT_TOGGLE": false
    },
    "Flashlight": {
      "DazzleEffectiveness": 3.0,
      "MaxDazzleRange": 40.0,
      "AllowLightOnForDarkBuildings": true,
      "TurnLightOffNoEnemyPMC": true,
      "TurnLightOffNoEnemySCAV": false,
      "TurnLightOffNoEnemyGOONS": true,
      "TurnLightOffNoEnemyBOSS": false,
      "TurnLightOffNoEnemyFOLLOWER": false,
      "TurnLightOffNoEnemyRAIDERROGUE": false,
      "DebugFlash": false,
      "SillyMode": false
    },
    "LootingBots": {
      "ExtractFromLoot": true,
      "MinLootValPMC": 500000.0,
      "MinLootValSCAV": 200000.0,
      "MinLootValOther": 350000.0,
      "MinLootValException": 1500000.0
    },
    "Jokes": {
      "RandomCheaters": false,
      "RandomCheaterChance": 0.0
    },
    "Debug": {
      "Logs": {
        "GlobalDebugMode": false,
        "GlobalProfilingToggle": false,
        "ForceBotsToRunAround": false,
        "ForceBotsToTryCrawl": false,
        "TestGrenadeThrow": false,
        "DrawDebugLabels": false,
        "DebugExternal": false,
        "DebugRecoilCalculations": false,
        "DebugAimCalculations": false,
        "DebugHearing": false,
        "DebugExtract": false
      },
      "Gizmos": {
        "DrawDebugGizmos": false,
        "DrawTransformGizmos": false,
        "DrawLineOfSightGizmos": false,
        "DrawLightGizmos": false,
        "DrawDoorLinks": false,
        "DebugDrawRecoilGizmos": false,
        "DebugDrawAimGizmos": false,
        "DebugDrawBlindCorner": false,
        "DebugDrawProjectionPoints": false,
        "DebugSearchGizmos": false
      },
      "Overlay": {
        "Overlay_Info": true,
        "Overlay_Info_Expanded": false,
        "Overlay_Search": true,
        "Overlay_EnemyLists": false,
        "Overlay_EnemyInfo": true,
        "Overlay_EnemyInfo_Expanded": false,
        "Overlay_Decisions": false,
        "OverLay_AimInfo": false,
        "OverLay_AlwaysShowClosestHumanInfo": false,
        "OverLay_AlwaysShowMainPlayerInfo": false
      }
    },
    "Layers": {
      "SAINCombatSquadLayerPriority": 22,
      "SAINExtractLayerPriority": 24,
      "SAINCombatSoloLayerPriority": 20
    }
  },
  "Aiming": {
    "HitEffects": {
      "HIT_REACTION_TOGGLE": true,
      "DAMAGE_MANUAL_MODIFIER": 1.0,
      "USE_HIT_POINT_DIRECTION": true,
      "HIT_POINT_DIRECTION_BASE_DISTANCE": 0.5,
      "DAMAGE_BASE_MIN_ANGLE": 7.0,
      "DAMAGE_BASE_MAX_ANGLE": 10.0,
      "DAMAGE_RECEIVED_BASELINE": 50.0,
      "DAMAGE_MIN_MOD": 0.2,
      "DAMAGE_MAX_MOD": 3.0
    },
    "AimCenterMassGlobal": false,
    "EnemyVelocityMaxBuff": 1.2,
    "EnemyVelocityMaxDebuff": 0.8,
    "EnemySprintingScatterMulti": 0.66,
    "ScatterMulti_PoseLevel": 1.2,
    "ScatterMulti_Prone": 1.3,
    "ScatterMulti_PartVis": 1.25,
    "OpticFarMulti": 1.2,
    "OpticFarDistance": 100.0,
    "OpticCloseMulti": 0.8,
    "OpticCloseDistance": 75.0,
    "RedDotFarMulti": 0.85,
    "RedDotFarDistance": 100.0,
    "RedDotCloseMulti": 1.15,
    "RedDotCloseDistance": 65.0,
    "IronSightFarMulti": 0.7,
    "IronSightScaleDistanceStart": 50.0,
    "IronSightScaleDistanceEnd": 100.0,
    "CenterMassVal": 0.2553,
    "FasterCQBReactionsGlobal": true,
    "AimDownSightsAimTimeMultiplier": 0.7,
    "PMCSAimForHead": false,
    "PMCAimForHeadChance": 33.0
  },
  "Hearing": {
    "RAIN_SOUND_COEF_OUTSIDE": 0.5,
    "RAIN_SOUND_COEF_INSIDE": 0.75,
    "MaxFootstepAudioDistance": 48.38,
    "MaxFootstepAudioDistanceNoHeadphones": 36.54,
    "HEAR_DISPERSION_VALUES": {
      "Shot": 17.5,
      "SuppressedShot": 13.5,
      "FootStep": 12.5,
      "None": 12.5,
      "Generic": 12.5,
      "Sprint": 12.5,
      "Prone": 12.5,
      "Looting": 12.5,
      "Reload": 12.5,
      "GearSound": 12.5,
      "GrenadePin": 12.5,
      "GrenadeExplosion": 12.5,
      "GrenadeDraw": 12.5,
      "Jump": 12.5,
      "Door": 12.5,
      "DoorBreach": 12.5,
      "Heal": 12.5,
      "Food": 12.5,
      "Conversation": 12.5,
      "Surgery": 12.5,
      "DryFire": 12.5,
      "TurnSound": 12.5,
      "Breathing": 12.5,
      "Pain": 12.5,
      "Bush": 12.5,
      "BulletImpact": 12.5,
      "Land": 12.5
    },
    "HEAR_DISPERSION_BULLET_FELT_MOD": 2.0,
    "HEAR_DISPERSION_MIN": 0.5,
    "HEAR_DISPERSION_MIN_DISTANCE_THRESH": 10.0,
    "HEAR_DISPERSION_MAX_DISPERSION": 50.0,
    "HEAR_DISPERSION_ANGLE_MULTI_MAX": 1.5,
    "HEAR_DISPERSION_ANGLE_MULTI_MIN": 0.5,
    "BUNKER_REDUCTION_COEF": 0.2,
    "BUNKER_ELEV_DIFF_COEF": 0.66,
    "GUNSHOT_OCCLUSION_MOD": 0.8,
    "GUNSHOT_OCCLUSION_MOD_SUPP": 0.65,
    "FOOTSTEP_OCCLUSION_MOD": 0.6,
    "FOOTSTEP_OCCLUSION_MOD_SPRINT": 0.8,
    "OTHER_OCCLUSION_MOD": 0.6,
    "GUNSHOT_ENVIR_MOD": 0.65,
    "FOOTSTEP_ENVIR_MOD": 0.7,
    "MIN_ENVIRONMENT_MOD": 0.05,
    "HEAR_MODIFIER_NO_EARS": 0.6,
    "HEAR_MODIFIER_HEAVY_HELMET": 0.8,
    "HEAR_MODIFIER_DYING": 0.8,
    "HEAR_MODIFIER_SPRINT": 0.85,
    "HEAR_MODIFIER_HEAVYBREATH": 0.65,
    "HEAR_MODIFIER_MIN_CLAMP": 0.01,
    "HEAR_MODIFIER_MAX_CLAMP": 5.0,
    "HEAR_MODIFIER_MAX_AFFECT_DIST": 3.0,
    "HEAR_CHANCE_MIN_DIST": 0.25,
    "HEAR_CHANCE_MIN_DIST_HEADPHONES": 1.0,
    "HEAR_CHANCE_MIDRANGE_COEF": 0.66,
    "HEAR_CHANCE_MIDRANGE_MINCHANCE_HEADPHONES": 3.0,
    "HEAR_CHANCE_LONGRANGE_MINCHANCE_HEADPHONES": 1.0,
    "HEAR_CHANCE_NOTMOVING_VELOCITY": 0.05,
    "HEAR_CHANCE_NOTMOVING_MINCHANCE": 2.0,
    "HEAR_CHANCE_NOTMOVING_MINCHANCE_HEADPHONES": 4.0,
    "HEAR_CHANCE_HEADPHONES_OTHERSOUNDS": 3.0,
    "HEAR_CHANCE_CURRENTENEMY_MINCHANCE": 2.0,
    "HEAR_CHANCE_CURRENTENEMY_MINCHANCE_HEADPHONES": 3.0,
    "BaseSoundRange_Looting": 27.25,
    "BaseSoundRange_MovementTurnSkid": 18.94,
    "BaseSoundRange_GrenadePinDraw": 22.6,
    "BaseSoundRange_Prone": 25.0,
    "BaseSoundRange_Healing": 20.0,
    "BaseSoundRange_Reload": 15.0,
    "BaseSoundRange_Surgery": 27.5,
    "BaseSoundRange_DryFire": 10.0,
    "MaxSoundRange_FallLanding": 35.0,
    "BaseSoundRange_AimingandGearRattle": 17.5,
    "BaseSoundRange_EatDrink": 20.0,
    "MaxRangeToReportEnemyActionNoHeadset": 37.5,
    "BaseHearingDelayWithEnemy": 0.2,
    "BaseHearingDelayAtPeace": 0.35,
    "GunshotAudioMultiplier": 1.0,
    "FootstepAudioMultiplier": 1.0,
    "SuppressorModifier": 0.6,
    "SubsonicModifier": 0.2,
    "HearingDistances": {
      "Caliber9x18PM": 220.0,
      "Caliber9x19PARA": 220.0,
      "Caliber46x30": 240.0,
      "Caliber9x21": 240.0,
      "Caliber57x28": 240.0,
      "Caliber762x25TT": 240.0,
      "Caliber1143x23ACP": 230.0,
      "Caliber9x33R": 250.0,
      "Caliber545x39": 320.0,
      "Caliber556x45NATO": 320.0,
      "Caliber9x39": 300.0,
      "Caliber762x35": 310.0,
      "Caliber762x39": 310.0,
      "Caliber366TKM": 310.0,
      "Caliber762x51": 400.0,
      "Caliber127x55": 400.0,
      "Caliber762x54R": 450.0,
      "Caliber86x70": 500.0,
      "Caliber20g": 200.0,
      "Caliber12g": 200.0,
      "Caliber23x75": 210.0,
      "Caliber26x75": 100.0,
      "Caliber30x29": 75.0,
      "Caliber40x46": 75.0,
      "Caliber40mmRU": 75.0,
      "Caliber127x108": 600.0,
      "Caliber68x51": 400.0,
      "Default": 250.0,
      "Caliber20x1": 125.0,
      "Caliber127x33": 125.0,
      "Caliber9x18PMM": 125.0
    }
  },
  "Location": {
    "LocationSettings": {
      "Factory": {
        "VisibleDistCoef": 1.0,
        "GainSightCoef": 1.0,
        "ScatteringCoef": 1.0,
        "HearingDistanceCoef": 1.0,
        "AggressionCoef": 1.0,
        "PrecisionSpeedCoef": 1.0,
        "AccuracySpeedCoef": 1.0
      },
      "FactoryNight": {
        "VisibleDistCoef": 1.0,
        "GainSightCoef": 1.0,
        "ScatteringCoef": 1.0,
        "HearingDistanceCoef": 1.0,
        "AggressionCoef": 1.0,
        "PrecisionSpeedCoef": 1.0,
        "AccuracySpeedCoef": 1.0
      },
      "Customs": {
        "VisibleDistCoef": 1.0,
        "GainSightCoef": 1.0,
        "ScatteringCoef": 1.0,
        "HearingDistanceCoef": 1.0,
        "AggressionCoef": 1.0,
        "PrecisionSpeedCoef": 1.0,
        "AccuracySpeedCoef": 1.0
      },
      "GroundZero": {
        "VisibleDistCoef": 1.0,
        "GainSightCoef": 1.0,
        "ScatteringCoef": 1.0,
        "HearingDistanceCoef": 1.0,
        "AggressionCoef": 1.0,
        "PrecisionSpeedCoef": 1.0,
        "AccuracySpeedCoef": 1.0
      },
      "Reserve": {
        "VisibleDistCoef": 1.0,
        "GainSightCoef": 1.0,
        "ScatteringCoef": 1.0,
        "HearingDistanceCoef": 1.0,
        "AggressionCoef": 1.0,
        "PrecisionSpeedCoef": 1.0,
        "AccuracySpeedCoef": 1.0
      },
      "Streets": {
        "VisibleDistCoef": 1.0,
        "GainSightCoef": 1.0,
        "ScatteringCoef": 1.0,
        "HearingDistanceCoef": 1.0,
        "AggressionCoef": 1.0,
        "PrecisionSpeedCoef": 1.0,
        "AccuracySpeedCoef": 1.0
      },
      "Lighthouse": {
        "VisibleDistCoef": 1.0,
        "GainSightCoef": 1.0,
        "ScatteringCoef": 1.0,
        "HearingDistanceCoef": 1.0,
        "AggressionCoef": 1.0,
        "PrecisionSpeedCoef": 1.0,
        "AccuracySpeedCoef": 1.0
      },
      "Shoreline": {
        "VisibleDistCoef": 1.0,
        "GainSightCoef": 1.0,
        "ScatteringCoef": 1.0,
        "HearingDistanceCoef": 1.0,
        "AggressionCoef": 1.0,
        "PrecisionSpeedCoef": 1.0,
        "AccuracySpeedCoef": 1.0
      },
      "Labs": {
        "VisibleDistCoef": 1.0,
        "GainSightCoef": 1.0,
        "ScatteringCoef": 1.0,
        "HearingDistanceCoef": 1.0,
        "AggressionCoef": 1.0,
        "PrecisionSpeedCoef": 1.0,
        "AccuracySpeedCoef": 1.0
      },
      "Woods": {
        "VisibleDistCoef": 1.0,
        "GainSightCoef": 1.0,
        "ScatteringCoef": 1.0,
        "HearingDistanceCoef": 1.0,
        "AggressionCoef": 1.0,
        "PrecisionSpeedCoef": 1.0,
        "AccuracySpeedCoef": 1.0
      },
      "Interchange": {
        "VisibleDistCoef": 1.0,
        "GainSightCoef": 1.0,
        "ScatteringCoef": 1.0,
        "HearingDistanceCoef": 1.0,
        "AggressionCoef": 1.0,
        "PrecisionSpeedCoef": 1.0,
        "AccuracySpeedCoef": 1.0
      }
    }
  },
  "Look": {
    "VisionSpeed": {
      "Elevation": {
        "Enabled": true,
        "HighElevationMaxAngle": 60.0,
        "HighElevationVisionModifier": 2.5,
        "LowElevationMaxAngle": 30.0,
        "LowElevationVisionModifier": 0.75
      },
      "Movement": {
        "Description": "Scales vision speed based on the movement speed of their enemy. Faster movement = faster vision speed.",
        "Enabled": true,
        "MOVEMENT_VISION_MULTIPLIER": 0.5
      },
      "PartsVisibility": {
        "Description": "Scales vision speed based on the number of body parts that are within line of sight to their enemy. Only applies to Non-AI targets.",
        "Enabled": true,
        "PARTS_VISIBLE_MAX_COEF": 2.0,
        "PARTS_VISIBLE_MIN_COEF": 0.9
      },
      "Peripheral": {
        "Description": "Adds additional vision speed reduction to targets in a bot's peripheral vision.Scales with the angle from their look direction.",
        "Enabled": true,
        "PERIPHERAL_VISION_START_ANGLE": 34.00179,
        "PERIPHERAL_VISION_MAX_REDUCTION_COEF": 2.2
      },
      "Pose": {
        "Description": "Scales vision speed based on the pose of their enemy. Only applies to Non-AI targets.",
        "Enabled": false,
        "PRONE_VISION_SPEED_COEF": 1.75,
        "DUCK_VISION_SPEED_COEF": 1.25
      },
      "ThirdParty": {
        "Description": "When an enemy is a certain angle away from their active enemies last known position, this will reduce their vision speed of that target up to the maximum set amount.",
        "Enabled": true,
        "THIRDPARTY_VISION_START_ANGLE": 30.0,
        "THIRDPARTY_VISION_MAX_COEF": 1.5
      }
    },
    "VisionDistance": {
      "MovementDistanceModifier": 1.6
    },
    "Time": {
      "NightTimeVisionModifier": 0.2,
      "NightTimeVisionModifierSnow": 0.35,
      "TIME_GAIN_SIGHT_SCALE_MAX": 3.0,
      "VISION_WEATHER_MIN_COEF": 0.33,
      "VISION_WEATHER_MIN_DIST_METERS": 30.0,
      "VISION_WEATHER_FOG_MAXCOEF": 0.4,
      "VISION_WEATHER_RAIN_SRINKLE_THRESH": 0.1,
      "VISION_WEATHER_RAIN_SRINKLE_COEF": 0.9,
      "VISION_WEATHER_RAIN_LIGHT_THRESH": 0.35,
      "VISION_WEATHER_RAIN_LIGHT_COEF": 0.65,
      "VISION_WEATHER_RAIN_NORMAL_THRESH": 0.5,
      "VISION_WEATHER_RAIN_NORMAL_COEF": 0.5,
      "VISION_WEATHER_RAIN_HEAVY_THRESH": 0.75,
      "VISION_WEATHER_RAIN_HEAVY_COEF": 0.45,
      "VISION_WEATHER_RAIN_DOWNPOUR_COEF": 0.4,
      "VISION_WEATHER_NOCLOUDS_THRESH": 0.33,
      "VISION_WEATHER_CLOUDY_THRESH": 0.7,
      "VISION_WEATHER_CLOUDY_COEF": 0.8,
      "VISION_WEATHER_OVERCAST_COEF": 0.7,
      "HourDawnStart": 6.0,
      "HourDawnEnd": 8.0,
      "HourDuskStart": 20.0,
      "HourDuskEnd": 22.0
    },
    "Light": {
      "LightOnRatio": 0.6,
      "LightOffRatio": 0.8,
      "NightVisionOnRatio": 0.6,
      "NightVisionOffRatio": 0.8
    },
    "NotLooking": {
      "NotLookingToggle": false,
      "NotLookingTimeLimit": 4.0,
      "NotLookingAngle": 45.0,
      "NotLookingVisionSpeedModifier": 1.1,
      "NotLookingAccuracyAmount": 0.33
    },
    "NoBushESP": {
      "NoBushESPToggle": true,
      "NoBushESPEnhanced": true,
      "NoBushESPFrequency": 0.1,
      "NoBushESPEnhancedRatio": 0.75,
      "NoBushESPDebugMode": false
    }
  },
  "Mind": {
    "ENEMYSNIPER_ALWAYS_SPRINT_COVER": true,
    "ENEMYSNIPER_ALWAYS_SPRINT_SEARCH": true,
    "ENEMYSNIPER_DISTANCE": 85.0,
    "ENEMYSNIPER_DISTANCE_END": 75.0,
    "ForcePersonality": {
      "Wreckless": false,
      "GigaChad": false,
      "Chad": false,
      "SnappingTurtle": false,
      "Rat": false,
      "Coward": false,
      "Timmy": false,
      "Normal": false
    },
    "PERS_BOSSES": {
      "bossKilla": "Wreckless",
      "bossTagilla": "Wreckless",
      "bossKolontay": "Wreckless",
      "bossKnight": "GigaChad",
      "followerBigPipe": "GigaChad",
      "followerBirdEye": "SnappingTurtle",
      "bossGluhar": "SnappingTurtle",
      "bossKojaniy": "Rat",
      "bossPartisan": "Rat",
      "bossBully": "Coward",
      "bossSanitar": "Coward",
      "bossBoar": "Coward"
    },
    "GlobalAggression": 0.8,
    "SneakyBots": true,
    "OnlySneakyPersonalitiesSneaky": true,
    "MaximumDistanceToBeSneaky": 80.0,
    "SUPP_TOGGLE": true,
    "SUPP_DISTANCE_SCALE_START": 4.0,
    "SUPP_DISTANCE_SCALE_END": 10.0,
    "SUPP_DISTANCE_AMP_DIST": 0.5,
    "SUPP_DISTANCE_AMP_AMOUNT": 1.5,
    "MaxUnderFireDistance": 2.0,
    "SUPPRESSION_STATES": {
      "Light": {
        "Threshold": 1.0,
        "PrecisionSpeedCoef": 1.15,
        "AccuracySpeedCoef": 1.2,
        "VisibleDistCoef": 0.85,
        "GainSightCoef": 1.2,
        "ScatteringCoef": 1.35,
        "HearingDistCoef": 0.8
      },
      "Medium": {
        "Threshold": 6.0,
        "PrecisionSpeedCoef": 1.5,
        "AccuracySpeedCoef": 1.5,
        "VisibleDistCoef": 0.6,
        "GainSightCoef": 1.5,
        "ScatteringCoef": 1.75,
        "HearingDistCoef": 0.6
      },
      "Heavy": {
        "Threshold": 15.0,
        "PrecisionSpeedCoef": 2.0,
        "AccuracySpeedCoef": 2.0,
        "VisibleDistCoef": 0.5,
        "GainSightCoef": 1.65,
        "ScatteringCoef": 2.5,
        "HearingDistCoef": 0.4
      },
      "Extreme": {
        "Threshold": 25.0,
        "PrecisionSpeedCoef": 3.0,
        "AccuracySpeedCoef": 3.0,
        "VisibleDistCoef": 0.33,
        "GainSightCoef": 2.0,
        "ScatteringCoef": 3.0,
        "HearingDistCoef": 0.25
      }
    },
    "SUPP_AMOUNT_MULTI": 0.7,
    "SUPP_STRENGTH_MULTI": 0.7,
    "SUP_DECAY_AMOUNT": 0.25,
    "SUP_DECAY_FREQ": 0.25,
    "SUP_CHECK_FREQ": 0.5,
    "SUPP_AMOUNTS": {
      "Caliber9x18PM": 1.0,
      "Caliber9x19PARA": 1.1,
      "Caliber46x30": 1.2,
      "Caliber9x21": 1.25,
      "Caliber57x28": 1.3,
      "Caliber762x25TT": 1.4,
      "Caliber1143x23ACP": 1.5,
      "Caliber9x33R": 1.5,
      "Caliber545x39": 2.1,
      "Caliber556x45NATO": 2.0,
      "Caliber9x39": 2.5,
      "Caliber762x35": 2.4,
      "Caliber762x39": 2.5,
      "Caliber366TKM": 2.5,
      "Caliber68x51": 2.5,
      "Caliber762x51": 2.65,
      "Caliber127x55": 2.7,
      "Caliber762x54R": 2.75,
      "Caliber20g": 3.0,
      "Caliber12g": 3.0,
      "Caliber23x75": 3.0,
      "Caliber26x75": 3.0,
      "Caliber30x29": 3.0,
      "Caliber40x46": 3.0,
      "Caliber40mmRU": 3.0,
      "Caliber86x70": 5.0,
      "Caliber127x108": 5.0,
      "Default": 2.0
    },
    "SUPP_MAX_NUM": 30.0
  },
  "Move": {
    "LEAN_TOGGLE": true,
    "LEAN_INCOVER_TOGGLE": true,
    "JUMP_TOGGLE": true,
    "AUTOCROUCH_TOGGLE": true,
    "PRONE_TOGGLE": true,
    "PRONE_SUPPRESS_TOGGLE": true,
    "VAULT_TOGGLE": true,
    "VAULT_UNSTUCK_TOGGLE": true,
    "EditSprintSpeed": false,
    "BotSprintNotMovingThreshold": 0.5,
    "BotSprintNotMovingCheckFreq": 0.5,
    "BotSprintTryVaultTime": 0.25,
    "BotSprintTryJumpTime": 0.66,
    "BotSprintRecalcTime": 1.5,
    "BotSprintFirstTurnDotThreshold": 0.925,
    "BotSprintCornerReachDist": 0.15,
    "BotSprintDistanceToStopSprintDestination": 1.2,
    "BotSprintCurrentCornerAngleMax": 25.0,
    "BotSprintTurnSpeedWhileSprint": 300.0,
    "BotSprintTurningSpeed": 400.0
  },
  "Steering": {
    "SMOOTH_TURN_TOGGLE": true,
    "SteerSpeed_MaxAngle": 150.0,
    "SteerSpeed_MinAngle": 5.0,
    "SteerSpeed_MaxSpeed": 360.0,
    "SteerSpeed_MinSpeed": 125.0,
    "STEER_LASTSEEN_TO_LASTKNOWN_DISTANCE": 2.5,
    "STEER_BASE_ROTATE_SPEED_PEACE": 120.0,
    "STEER_BASE_ROTATE_SPEED_COMBAT": 250.0,
    "STEER_RANDOMLOOK_SPEED_MIN": 40.0,
    "STEER_RANDOMLOOK_SPEED_MAX": 160.0,
    "STEER_RANDOMLOOK_SPEED_MAX_COEF": 2.0,
    "AimTurnSpeed": 300.0
  },
  "Shoot": {
    "ONLY_SEMIAUTO_TOGGLE": false,
    "RecoilMultiplier": 0.5,
    "AddRecoil": 5.0,
    "RECOIL_DECAY_COEF": 0.2,
    "RECOIL_BASELINE": 100.0,
    "RECOIL_BASELINE_REALISM": 125.0,
    "RECOIL_RANDOM_MIN": 0.8,
    "RECOIL_RANDOM_MAX": 1.2,
    "AmmoCaliberShootability": {
      "Caliber9x18PM": 0.22,
      "Caliber9x19PARA": 0.28,
      "Caliber46x30": 0.32,
      "Caliber9x21": 0.32,
      "Caliber57x28": 0.35,
      "Caliber762x25TT": 0.42,
      "Caliber1143x23ACP": 0.42,
      "Caliber9x33R": 0.65,
      "Caliber545x39": 0.52,
      "Caliber556x45NATO": 0.52,
      "Caliber9x39": 0.6,
      "Caliber762x35": 0.58,
      "Caliber762x39": 0.68,
      "Caliber366TKM": 0.68,
      "Caliber762x51": 0.72,
      "Caliber127x55": 0.78,
      "Caliber762x54R": 0.85,
      "Caliber86x70": 1.0,
      "Caliber20g": 0.7,
      "Caliber12g": 0.72,
      "Caliber23x75": 0.85,
      "Caliber26x75": 1.0,
      "Caliber30x29": 1.0,
      "Caliber40x46": 1.0,
      "Caliber40mmRU": 1.0,
      "Caliber127x108": 0.5,
      "Caliber68x51": 0.6,
      "Default": 0.5
    },
    "AmmoCaliberFullAutoMaxDistances": {
      "Caliber9x18PM": 70.73,
      "Caliber9x19PARA": 70.73,
      "Caliber46x30": 61.42,
      "Caliber9x21": 17.71,
      "Caliber57x28": 62.36,
      "Caliber762x25TT": 18.08,
      "Caliber1143x23ACP": 62.92,
      "Caliber9x33R": 63.77,
      "Caliber545x39": 57.28,
      "Caliber556x45NATO": 56.91,
      "Caliber9x39": 52.3,
      "Caliber762x35": 48.26,
      "Caliber762x39": 43.09,
      "Caliber366TKM": 38.01,
      "Caliber762x51": 37.45,
      "Caliber127x55": 43.28,
      "Caliber762x54R": 43.56,
      "Caliber86x70": 35.19,
      "Caliber20g": 24.57,
      "Caliber12g": 24.01,
      "Caliber23x75": 24.48,
      "Caliber26x75": 24.95,
      "Caliber30x29": 150.0,
      "Caliber40x46": 24.76,
      "Caliber40mmRU": 24.76,
      "Caliber127x108": 150.0,
      "Caliber68x51": 44.12,
      "Default": 55.0
    },
    "WeaponClassShootability": {
      "Default": 0.425,
      "assaultCarbine": 0.5,
      "assaultRifle": 0.5,
      "machinegun": 0.15,
      "smg": 0.25,
      "pistol": 0.4,
      "marksmanRifle": 0.75,
      "sniperRifle": 1.0,
      "shotgun": 0.75,
      "grenadeLauncher": 1.0,
      "specialWeapon": 1.0
    },
    "WeaponPerMeter": {
      "Default": 120.0,
      "assaultCarbine": 137.0,
      "assaultRifle": 135.0,
      "machinegun": 139.0,
      "smg": 160.0,
      "pistol": 65.0,
      "marksmanRifle": 75.0,
      "sniperRifle": 50.0,
      "shotgun": 60.0,
      "grenadeLauncher": 75.0,
      "specialWeapon": 80.0
    },
    "EngagementDistance": {
      "Default": 125.0,
      "assaultCarbine": 150.0,
      "assaultRifle": 154.0,
      "machinegun": 150.0,
      "smg": 58.0,
      "pistol": 46.0,
      "marksmanRifle": 250.0,
      "sniperRifle": 300.0,
      "shotgun": 47.0,
      "grenadeLauncher": 125.0582,
      "specialWeapon": 100.0
    },
    "WeaponClassScaling": 0.25,
    "RecoilScaling": 0.35,
    "ErgoScaling": 0.08,
    "AmmoCaliberScaling": 0.3,
    "WeaponProficiencyScaling": 0.3,
    "DifficultyScaling": 0.3
  },
  "Talk": {
    "TalkativeScavs": true,
    "TalkativePMCs": false,
    "TalkativeRaidersRogues": true,
    "TalkativeBosses": true,
    "TalkativeGoons": false,
    "FriendlyReponseChance": 85.0,
    "FriendlyReponseChanceAI": 80.0,
    "FriendlyReponseDistance": 65.0,
    "FriendlyReponseDistanceAI": 35.0,
    "FriendlyResponseFrequencyLimit": 1.0,
    "FriendlyResponseMinRandomDelay": 0.33,
    "FriendlyResponseMaxRandomDelay": 0.75,
    "DisableBotTalkPatching": false
  },
  "SquadTalk": {
    "_reportReloadingChance": 19.0,
    "_reportReloadingFreq": 2.0,
    "_reportLostVisualChance": 24.0,
    "_reportRatChance": 21.0,
    "_reportRatTimeSinceSeen": 36.0,
    "_reportEnemyConversationChance": 10.0,
    "_reportEnemyMaxDist": 53.0,
    "_reportEnemyHealthChance": 32.0,
    "_reportEnemyHealthFreq": 6.61,
    "_reportEnemyKilledChance": 49.0,
    "_reportEnemyKilledSquadLeadChance": 49.0,
    "_reportEnemyKilledToxicSquadLeader": false,
    "_friendCloseDist": 32.0,
    "_reportFriendKilledChance": 50.0,
    "_talkRetreatChance": 50.0,
    "_talkRetreatFreq": 8.32,
    "_talkRetreatTrigger": "CoverMe",
    "_talkRetreatMask": "Combat",
    "_talkRetreatGroupDelay": true,
    "_underFireNeedHelpChance": 37.0,
    "_underFireNeedHelpTrigger": "NeedHelp",
    "_underFireNeedHelpMask": "Combat",
    "_underFireNeedHelpGroupDelay": true,
    "_underFireNeedHelpFreq": 1.0,
    "_enemyNeedHelpChance": 35.0,
    "_hearNoiseChance": 41.0,
    "_hearNoiseMaxDist": 53.0,
    "_hearNoiseFreq": 23.71,
    "_enemyLocationTalkChance": 55.0,
    "_enemyLocationTalkTimeSinceSeen": 2.39,
    "_enemyLocationTalkFreq": 1.0,
    "_enemyLocationBehindAngle": 90.0,
    "_enemyLocationSideAngle": 45.0,
    "_enemyLocationFrontAngle": 90.0
  },
  "PowerCalc": {
    "PMC_POWER": 30.0,
    "SCAV_POWER": -20.0,
    "SHOTGUN_POWER": 40.0,
    "SMG_POWER": 75.0,
    "ASSAULT_CARBINE_POWER": 60.0,
    "ASSAULT_RIFLE_POWER": 45.0,
    "MG_POWER": 55.0,
    "SNIPE_POWER": -20.0,
    "MARKSMAN_RIFLE_POWER": 10.0,
    "PISTOL_POWER": -10.0,
    "RED_DOT_POWER": 30.0,
    "OPTIC_POWER": -10.0,
    "SUPPRESSOR_POWER": 20.0,
    "ARMOR_CLASS_COEF": 30.0,
    "ARMOR_CLASS_COEF_REALISM": 20.0,
    "HELMET_POWER": 30.0,
    "HELMET_HEAVY_POWER": 60.0,
    "FACESHIELD_POWER": 30.0,
    "EARPRO_POWER": 30.0
  }
}